Slice,Count,Total Area,Average Size,%Area,Perim.
05h_A1_300623_Simple Segmentation,0,0,NaN,0.000,NaN
05h_A1_300623_Simple Segmentation,0,0,NaN,0.000,NaN
05h_A1_300623_Simple Segmentation,0,0,NaN,0.000,NaN
05h_A1_300623_Simple Segmentation,910,7286,8.007,0.468,10.468
05h_A1_300623_Simple Segmentation,0,0,NaN,0.000,NaN
05h_A1_300623_Simple Segmentation,0,0,NaN,0.000,NaN
05h_A1_300623_Simple Segmentation,0,0,NaN,0.000,NaN
05h_A1_300623_Simple Segmentation,0,0,NaN,0.000,NaN
05h_A1_300623_Simple Segmentation,0,0,NaN,0.000,NaN
05h_A1_300623_Simple Segmentation,0,0,NaN,0.000,NaN
05h_A1_300623_Simple Segmentation,9,96,10.667,1.267,11.965
05h_A1_300623_Simple Segmentation,0,0,NaN,0.000,NaN
05h_A1_300623_Simple Segmentation,0,0,NaN,0.000,NaN
05h_A1_300623_Simple Segmentation,0,0,NaN,0.000,NaN
05h_A1_300623_Simple Segmentation,0,0,NaN,0.000,NaN
05h_A1_300623_Simple Segmentation,0,0,NaN,0.000,NaN
05h_A1_300623_Simple Segmentation,0,0,NaN,0.000,NaN
05h_A1_300623_Simple Segmentation,3852,32376,8.405,0.740,10.918
05h_A1_300623_Simple Segmentation,0,0,NaN,0.000,NaN
05h_A1_300623_Simple Segmentation,0,0,NaN,0.000,NaN
05h_A1_300623_Simple Segmentation,0,0,NaN,0.000,NaN
05h_A1_300623_Simple Segmentation,0,0,NaN,0.000,NaN
05h_A1_300623_Simple Segmentation,0,0,NaN,0.000,NaN
05h_A1_300623_Simple Segmentation,0,0,NaN,0.000,NaN
05h_A1_300623_Simple Segmentation,0,0,NaN,0.000,NaN
05h_A1_300623_Simple Segmentation,0,0,NaN,0.000,NaN
05h_A1_300623_Simple Segmentation,0,0,NaN,0.000,NaN
05h_A1_300623_Simple Segmentation,12,137,11.417,0.059,12.733
05h_A1_300623_Simple Segmentation,0,0,NaN,0.000,NaN
05h_A1_300623_Simple Segmentation,0,0,NaN,0.000,NaN
05h_A1_300623_Simple Segmentation,17,239,14.059,0.328,14.932
05h_A1_300623_Simple Segmentation,25,162,6.480,0.166,9.522
05h_A1_300623_Simple Segmentation,1746,13554,7.763,0.656,10.287
05h_A1_300623_Simple Segmentation,0,0,NaN,0.000,NaN
05h_A1_300623_Simple Segmentation,0,0,NaN,0.000,NaN
05h_A1_300623_Simple Segmentation,0,0,NaN,0.000,NaN
05h_A1_300623_Simple Segmentation,0,0,NaN,0.000,NaN
05h_A1_300623_Simple Segmentation,0,0,NaN,0.000,NaN
05h_A1_300623_Simple Segmentation,28,314,11.214,0.544,12.734
05h_A1_300623_Simple Segmentation,0,0,NaN,0.000,NaN
05h_A1_300623_Simple Segmentation,0,0,NaN,0.000,NaN
05h_A1_300623_Simple Segmentation,0,0,NaN,0.000,NaN
05h_A1_300623_Simple Segmentation,0,0,NaN,0.000,NaN
05h_A1_300623_Simple Segmentation,0,0,NaN,0.000,NaN
05h_A1_300623_Simple Segmentation,0,0,NaN,0.000,NaN
05h_A1_300623_Simple Segmentation,0,0,NaN,0.000,NaN
05h_A1_300623_Simple Segmentation,0,0,NaN,0.000,NaN
05h_A1_300623_Simple Segmentation,0,0,NaN,0.000,NaN
05h_A1_300623_Simple Segmentation,0,0,NaN,0.000,NaN
05h_A1_300623_Simple Segmentation,25,306,12.240,0.331,14.729
05h_A1_300623_Simple Segmentation,0,0,NaN,0.000,NaN
05h_A1_300623_Simple Segmentation,0,0,NaN,0.000,NaN
05h_A1_300623_Simple Segmentation,0,0,NaN,0.000,NaN
05h_A1_300623_Simple Segmentation,0,0,NaN,0.000,NaN
05h_A1_300623_Simple Segmentation,0,0,NaN,0.000,NaN
05h_A1_300623_Simple Segmentation,0,0,NaN,0.000,NaN
05h_A1_300623_Simple Segmentation,8,83,10.375,0.783,11.425
05h_A1_300623_Simple Segmentation,0,0,NaN,0.000,NaN
05h_A1_300623_Simple Segmentation,0,0,NaN,0.000,NaN
05h_A1_300623_Simple Segmentation,0,0,NaN,0.000,NaN
05h_A1_300623_Simple Segmentation,0,0,NaN,0.000,NaN
05h_A1_300623_Simple Segmentation,0,0,NaN,0.000,NaN
05h_A1_300623_Simple Segmentation,0,0,NaN,0.000,NaN
05h_A1_300623_Simple Segmentation,0,0,NaN,0.000,NaN
05h_A1_300623_Simple Segmentation,0,0,NaN,0.000,NaN
05h_A1_300623_Simple Segmentation,0,0,NaN,0.000,NaN
05h_A1_300623_Simple Segmentation,0,0,NaN,0.000,NaN
05h_A1_300623_Simple Segmentation,0,0,NaN,0.000,NaN
05h_A1_300623_Simple Segmentation,0,0,NaN,0.000,NaN
05h_A1_300623_Simple Segmentation,0,0,NaN,0.000,NaN
05h_A1_300623_Simple Segmentation,1875,16743,8.930,0.829,11.193
05h_A1_300623_Simple Segmentation,0,0,NaN,0.000,NaN
05h_A1_300623_Simple Segmentation,14,30,2.143,0.249,4.368
05h_A1_300623_Simple Segmentation,839,6821,8.130,0.651,10.422
05h_A1_300623_Simple Segmentation,0,0,NaN,0.000,NaN
05h_A1_300623_Simple Segmentation,0,0,NaN,0.000,NaN
05h_A1_300623_Simple Segmentation,0,0,NaN,0.000,NaN
05h_A1_300623_Simple Segmentation,0,0,NaN,0.000,NaN
05h_A1_300623_Simple Segmentation,0,0,NaN,0.000,NaN
05h_A1_300623_Simple Segmentation,0,0,NaN,0.000,NaN
05h_A1_300623_Simple Segmentation,0,0,NaN,0.000,NaN
05h_A1_300623_Simple Segmentation,47,470,10.000,0.202,11.432
05h_A1_300623_Simple Segmentation,0,0,NaN,0.000,NaN
05h_A1_300623_Simple Segmentation,0,0,NaN,0.000,NaN
05h_A1_300623_Simple Segmentation,0,0,NaN,0.000,NaN
05h_A1_300623_Simple Segmentation,0,0,NaN,0.000,NaN
05h_A1_300623_Simple Segmentation,0,0,NaN,0.000,NaN
05h_A1_300623_Simple Segmentation,0,0,NaN,0.000,NaN
05h_A1_300623_Simple Segmentation,0,0,NaN,0.000,NaN
05h_A1_300623_Simple Segmentation,0,0,NaN,0.000,NaN
05h_A1_300623_Simple Segmentation,0,0,NaN,0.000,NaN
05h_A1_300623_Simple Segmentation,0,0,NaN,0.000,NaN
05h_A1_300623_Simple Segmentation,0,0,NaN,0.000,NaN
05h_A1_300623_Simple Segmentation,0,0,NaN,0.000,NaN
05h_A1_300623_Simple Segmentation,0,0,NaN,0.000,NaN
05h_A1_300623_Simple Segmentation,0,0,NaN,0.000,NaN
05h_A1_300623_Simple Segmentation,0,0,NaN,0.000,NaN
05h_A1_300623_Simple Segmentation,0,0,NaN,0.000,NaN
05h_A1_300623_Simple Segmentation,9,75,8.333,0.087,10.106
05h_A1_300623_Simple Segmentation,0,0,NaN,0.000,NaN
05h_A1_300623_Simple Segmentation,0,0,NaN,0.000,NaN
05h_A1_300623_Simple Segmentation,0,0,NaN,0.000,NaN
05h_A1_300623_Simple Segmentation,0,0,NaN,0.000,NaN
05h_A1_300623_Simple Segmentation,0,0,NaN,0.000,NaN
05h_A1_300623_Simple Segmentation,0,0,NaN,0.000,NaN
05h_A1_300623_Simple Segmentation,0,0,NaN,0.000,NaN
05h_A1_300623_Simple Segmentation,0,0,NaN,0.000,NaN
05h_A1_300623_Simple Segmentation,0,0,NaN,0.000,NaN
05h_A1_300623_Simple Segmentation,0,0,NaN,0.000,NaN
05h_A1_300623_Simple Segmentation,0,0,NaN,0.000,NaN
05h_A1_300623_Simple Segmentation,5153,48390,9.391,1.107,11.562
05h_A1_300623_Simple Segmentation,0,0,NaN,0.000,NaN
05h_A1_300623_Simple Segmentation,0,0,NaN,0.000,NaN
05h_A1_300623_Simple Segmentation,0,0,NaN,0.000,NaN
05h_A1_300623_Simple Segmentation,0,0,NaN,0.000,NaN
05h_A1_300623_Simple Segmentation,24,255,10.625,0.161,15.129
05h_A1_300623_Simple Segmentation,7,83,11.857,0.285,13.850
05h_A1_300623_Simple Segmentation,0,0,NaN,0.000,NaN
05h_A1_300623_Simple Segmentation,15,127,8.467,0.197,11.207
05h_A1_300623_Simple Segmentation,0,0,NaN,0.000,NaN
05h_A1_300623_Simple Segmentation,0,0,NaN,0.000,NaN
05h_A1_300623_Simple Segmentation,0,0,NaN,0.000,NaN
05h_A1_300623_Simple Segmentation,0,0,NaN,0.000,NaN
05h_A1_300623_Simple Segmentation,0,0,NaN,0.000,NaN
05h_A1_300623_Simple Segmentation,0,0,NaN,0.000,NaN
05h_A1_300623_Simple Segmentation,0,0,NaN,0.000,NaN
05h_A1_300623_Simple Segmentation,11,64,5.818,0.056,9.040
05h_A1_300623_Simple Segmentation,0,0,NaN,0.000,NaN
05h_A1_300623_Simple Segmentation,256,2464,9.625,0.480,11.663
05h_A1_300623_Simple Segmentation,6,101,16.833,0.287,17.240
05h_A1_300623_Simple Segmentation,0,0,NaN,0.000,NaN
05h_A1_300623_Simple Segmentation,0,0,NaN,0.000,NaN
05h_A1_300623_Simple Segmentation,0,0,NaN,0.000,NaN
05h_A1_300623_Simple Segmentation,0,0,NaN,0.000,NaN
05h_A1_300623_Simple Segmentation,0,0,NaN,0.000,NaN
05h_A1_300623_Simple Segmentation,0,0,NaN,0.000,NaN
05h_A1_300623_Simple Segmentation,47,383,8.149,0.322,10.883
05h_A1_300623_Simple Segmentation,0,0,NaN,0.000,NaN
05h_A1_300623_Simple Segmentation,0,0,NaN,0.000,NaN
05h_A1_300623_Simple Segmentation,0,0,NaN,0.000,NaN
05h_A1_300623_Simple Segmentation,0,0,NaN,0.000,NaN
05h_A1_300623_Simple Segmentation,0,0,NaN,0.000,NaN
05h_A1_300623_Simple Segmentation,0,0,NaN,0.000,NaN
05h_A1_300623_Simple Segmentation,0,0,NaN,0.000,NaN
05h_A1_300623_Simple Segmentation,0,0,NaN,0.000,NaN
05h_A1_300623_Simple Segmentation,0,0,NaN,0.000,NaN
05h_A1_300623_Simple Segmentation,0,0,NaN,0.000,NaN
05h_A1_300623_Simple Segmentation,5,43,8.600,0.198,10.388
05h_A1_300623_Simple Segmentation,7,92,13.143,0.491,14.910
05h_A1_300623_Simple Segmentation,0,0,NaN,0.000,NaN
05h_A1_300623_Simple Segmentation,0,0,NaN,0.000,NaN
05h_A1_300623_Simple Segmentation,0,0,NaN,0.000,NaN
05h_A1_300623_Simple Segmentation,0,0,NaN,0.000,NaN
05h_A1_300623_Simple Segmentation,0,0,NaN,0.000,NaN
05h_A1_300623_Simple Segmentation,0,0,NaN,0.000,NaN
05h_A1_300623_Simple Segmentation,0,0,NaN,0.000,NaN
05h_A1_300623_Simple Segmentation,0,0,NaN,0.000,NaN
05h_A1_300623_Simple Segmentation,0,0,NaN,0.000,NaN
05h_A1_300623_Simple Segmentation,0,0,NaN,0.000,NaN
05h_A1_300623_Simple Segmentation,0,0,NaN,0.000,NaN
05h_A1_300623_Simple Segmentation,0,0,NaN,0.000,NaN
05h_A1_300623_Simple Segmentation,0,0,NaN,0.000,NaN
05h_A1_300623_Simple Segmentation,0,0,NaN,0.000,NaN
05h_A1_300623_Simple Segmentation,0,0,NaN,0.000,NaN
05h_A1_300623_Simple Segmentation,0,0,NaN,0.000,NaN
05h_A1_300623_Simple Segmentation,0,0,NaN,0.000,NaN
05h_A1_300623_Simple Segmentation,0,0,NaN,0.000,NaN
05h_A1_300623_Simple Segmentation,0,0,NaN,0.000,NaN
05h_A1_300623_Simple Segmentation,0,0,NaN,0.000,NaN
05h_A1_300623_Simple Segmentation,0,0,NaN,0.000,NaN
05h_A1_300623_Simple Segmentation,0,0,NaN,0.000,NaN
05h_A1_300623_Simple Segmentation,0,0,NaN,0.000,NaN
05h_A1_300623_Simple Segmentation,0,0,NaN,0.000,NaN
05h_A1_300623_Simple Segmentation,0,0,NaN,0.000,NaN
05h_A1_300623_Simple Segmentation,20,169,8.450,0.332,10.932
05h_A1_300623_Simple Segmentation,0,0,NaN,0.000,NaN
05h_A1_300623_Simple Segmentation,10,128,12.800,0.266,14.782
05h_A1_300623_Simple Segmentation,0,0,NaN,0.000,NaN
05h_A1_300623_Simple Segmentation,0,0,NaN,0.000,NaN
05h_A1_300623_Simple Segmentation,0,0,NaN,0.000,NaN
05h_A1_300623_Simple Segmentation,0,0,NaN,0.000,NaN
05h_A1_300623_Simple Segmentation,0,0,NaN,0.000,NaN
05h_A1_300623_Simple Segmentation,0,0,NaN,0.000,NaN
05h_A1_300623_Simple Segmentation,270,2398,8.881,0.396,11.293
05h_A1_300623_Simple Segmentation,0,0,NaN,0.000,NaN
05h_A1_300623_Simple Segmentation,0,0,NaN,0.000,NaN
05h_A1_300623_Simple Segmentation,0,0,NaN,0.000,NaN
05h_A1_300623_Simple Segmentation,0,0,NaN,0.000,NaN
05h_A1_300623_Simple Segmentation,0,0,NaN,0.000,NaN
05h_A1_300623_Simple Segmentation,0,0,NaN,0.000,NaN
05h_A1_300623_Simple Segmentation,15,123,8.200,0.412,10.524
05h_A1_300623_Simple Segmentation,0,0,NaN,0.000,NaN
05h_A1_300623_Simple Segmentation,0,0,NaN,0.000,NaN
05h_A1_300623_Simple Segmentation,36,195,5.417,0.081,7.623
05h_A1_300623_Simple Segmentation,0,0,NaN,0.000,NaN
05h_A1_300623_Simple Segmentation,4851,42351,8.730,0.915,11.060
05h_A1_300623_Simple Segmentation,10,107,10.700,0.815,11.992
05h_A1_300623_Simple Segmentation,4965,46743,9.415,1.010,11.549
05h_A1_300623_Simple Segmentation,0,0,NaN,0.000,NaN
05h_A1_300623_Simple Segmentation,0,0,NaN,0.000,NaN
05h_A1_300623_Simple Segmentation,0,0,NaN,0.000,NaN
05h_A1_300623_Simple Segmentation,19,127,6.684,0.133,9.548
05h_A1_300623_Simple Segmentation,0,0,NaN,0.000,NaN
05h_A1_300623_Simple Segmentation,18,110,6.111,0.234,9.353
05h_A1_300623_Simple Segmentation,0,0,NaN,0.000,NaN
05h_A1_300623_Simple Segmentation,0,0,NaN,0.000,NaN
05h_A1_300623_Simple Segmentation,0,0,NaN,0.000,NaN
05h_A1_300623_Simple Segmentation,0,0,NaN,0.000,NaN
05h_A1_300623_Simple Segmentation,0,0,NaN,0.000,NaN
05h_A1_300623_Simple Segmentation,0,0,NaN,0.000,NaN
05h_A1_300623_Simple Segmentation,12,108,9.000,0.099,11.319
05h_A1_300623_Simple Segmentation,0,0,NaN,0.000,NaN
05h_A1_300623_Simple Segmentation,23,209,9.087,0.266,12.006
05h_A1_300623_Simple Segmentation,4,69,17.250,0.126,24.153
05h_A1_300623_Simple Segmentation,0,0,NaN,0.000,NaN
05h_A1_300623_Simple Segmentation,0,0,NaN,0.000,NaN
05h_A1_300623_Simple Segmentation,0,0,NaN,0.000,NaN
05h_A1_300623_Simple Segmentation,0,0,NaN,0.000,NaN
05h_A1_300623_Simple Segmentation,0,0,NaN,0.000,NaN
05h_A1_300623_Simple Segmentation,0,0,NaN,0.000,NaN
05h_A1_300623_Simple Segmentation,0,0,NaN,0.000,NaN
05h_A1_300623_Simple Segmentation,0,0,NaN,0.000,NaN
05h_A1_300623_Simple Segmentation,0,0,NaN,0.000,NaN
05h_A1_300623_Simple Segmentation,0,0,NaN,0.000,NaN
05h_A1_300623_Simple Segmentation,0,0,NaN,0.000,NaN
05h_A1_300623_Simple Segmentation,18,160,8.889,0.472,10.897
05h_A1_300623_Simple Segmentation,0,0,NaN,0.000,NaN
05h_A1_300623_Simple Segmentation,0,0,NaN,0.000,NaN
05h_A1_300623_Simple Segmentation,0,0,NaN,0.000,NaN
05h_A1_300623_Simple Segmentation,0,0,NaN,0.000,NaN
05h_A1_300623_Simple Segmentation,0,0,NaN,0.000,NaN
05h_A1_300623_Simple Segmentation,0,0,NaN,0.000,NaN
05h_A1_300623_Simple Segmentation,0,0,NaN,0.000,NaN
05h_A1_300623_Simple Segmentation,135,1064,7.881,0.258,10.476
05h_A1_300623_Simple Segmentation,0,0,NaN,0.000,NaN
05h_A1_300623_Simple Segmentation,0,0,NaN,0.000,NaN
05h_A1_300623_Simple Segmentation,0,0,NaN,0.000,NaN
05h_A1_300623_Simple Segmentation,0,0,NaN,0.000,NaN
05h_A1_300623_Simple Segmentation,0,0,NaN,0.000,NaN
05h_A1_300623_Simple Segmentation,0,0,NaN,0.000,NaN
05h_A1_300623_Simple Segmentation,5,42,8.400,1.082,10.202
05h_A1_300623_Simple Segmentation,2044,17805,8.711,0.766,11.050
05h_A1_300623_Simple Segmentation,0,0,NaN,0.000,NaN
05h_A1_300623_Simple Segmentation,9,79,8.778,0.559,10.734
05h_A1_300623_Simple Segmentation,0,0,NaN,0.000,NaN
05h_A1_300623_Simple Segmentation,0,0,NaN,0.000,NaN
05h_A1_300623_Simple Segmentation,0,0,NaN,0.000,NaN
05h_A1_300623_Simple Segmentation,0,0,NaN,0.000,NaN
05h_A1_300623_Simple Segmentation,0,0,NaN,0.000,NaN
05h_A1_300623_Simple Segmentation,0,0,NaN,0.000,NaN
05h_A1_300623_Simple Segmentation,0,0,NaN,0.000,NaN
05h_A1_300623_Simple Segmentation,0,0,NaN,0.000,NaN
05h_A1_300623_Simple Segmentation,0,0,NaN,0.000,NaN
05h_A1_300623_Simple Segmentation,0,0,NaN,0.000,NaN
05h_A1_300623_Simple Segmentation,0,0,NaN,0.000,NaN
05h_A1_300623_Simple Segmentation,0,0,NaN,0.000,NaN
05h_A1_300623_Simple Segmentation,0,0,NaN,0.000,NaN
05h_A1_300623_Simple Segmentation,0,0,NaN,0.000,NaN
05h_A1_300623_Simple Segmentation,0,0,NaN,0.000,NaN
05h_A1_300623_Simple Segmentation,0,0,NaN,0.000,NaN
05h_A1_300623_Simple Segmentation,0,0,NaN,0.000,NaN
05h_A1_300623_Simple Segmentation,0,0,NaN,0.000,NaN
05h_A1_300623_Simple Segmentation,2924,26736,9.144,0.854,11.338
05h_A1_300623_Simple Segmentation,0,0,NaN,0.000,NaN
05h_A1_300623_Simple Segmentation,0,0,NaN,0.000,NaN
05h_A1_300623_Simple Segmentation,0,0,NaN,0.000,NaN
05h_A1_300623_Simple Segmentation,0,0,NaN,0.000,NaN
05h_A1_300623_Simple Segmentation,0,0,NaN,0.000,NaN
05h_A1_300623_Simple Segmentation,0,0,NaN,0.000,NaN
05h_A1_300623_Simple Segmentation,177,1712,9.672,0.434,12.048
05h_A1_300623_Simple Segmentation,0,0,NaN,0.000,NaN
05h_A1_300623_Simple Segmentation,21,131,6.238,0.099,9.043
05h_A1_300623_Simple Segmentation,10,70,7.000,0.402,10.027
05h_A1_300623_Simple Segmentation,0,0,NaN,0.000,NaN
05h_A1_300623_Simple Segmentation,0,0,NaN,0.000,NaN
05h_A1_300623_Simple Segmentation,0,0,NaN,0.000,NaN
05h_A1_300623_Simple Segmentation,0,0,NaN,0.000,NaN
05h_A1_300623_Simple Segmentation,0,0,NaN,0.000,NaN
05h_A1_300623_Simple Segmentation,0,0,NaN,0.000,NaN
05h_A1_300623_Simple Segmentation,0,0,NaN,0.000,NaN
05h_A1_300623_Simple Segmentation,0,0,NaN,0.000,NaN
05h_A1_300623_Simple Segmentation,0,0,NaN,0.000,NaN
05h_A1_300623_Simple Segmentation,0,0,NaN,0.000,NaN
05h_A1_300623_Simple Segmentation,0,0,NaN,0.000,NaN
05h_A1_300623_Simple Segmentation,0,0,NaN,0.000,NaN
05h_A1_300623_Simple Segmentation,0,0,NaN,0.000,NaN
05h_A1_300623_Simple Segmentation,0,0,NaN,0.000,NaN
05h_A1_300623_Simple Segmentation,0,0,NaN,0.000,NaN
05h_A1_300623_Simple Segmentation,0,0,NaN,0.000,NaN
05h_A1_300623_Simple Segmentation,0,0,NaN,0.000,NaN
05h_A1_300623_Simple Segmentation,0,0,NaN,0.000,NaN
05h_A1_300623_Simple Segmentation,0,0,NaN,0.000,NaN
05h_A1_300623_Simple Segmentation,0,0,NaN,0.000,NaN
05h_A1_300623_Simple Segmentation,0,0,NaN,0.000,NaN
05h_A1_300623_Simple Segmentation,0,0,NaN,0.000,NaN
05h_A1_300623_Simple Segmentation,0,0,NaN,0.000,NaN
05h_A1_300623_Simple Segmentation,0,0,NaN,0.000,NaN
05h_A1_300623_Simple Segmentation,0,0,NaN,0.000,NaN
05h_A1_300623_Simple Segmentation,0,0,NaN,0.000,NaN
05h_A1_300623_Simple Segmentation,0,0,NaN,0.000,NaN
05h_A1_300623_Simple Segmentation,0,0,NaN,0.000,NaN
05h_A1_300623_Simple Segmentation,0,0,NaN,0.000,NaN
05h_A1_300623_Simple Segmentation,0,0,NaN,0.000,NaN
05h_A1_300623_Simple Segmentation,0,0,NaN,0.000,NaN
05h_A1_300623_Simple Segmentation,31,336,10.839,0.323,12.646
05h_A1_300623_Simple Segmentation,219,2157,9.849,0.425,11.641
05h_A1_300623_Simple Segmentation,194,1446,7.454,0.262,9.825
05h_A1_300623_Simple Segmentation,0,0,NaN,0.000,NaN
05h_A1_300623_Simple Segmentation,0,0,NaN,0.000,NaN
05h_A1_300623_Simple Segmentation,97,763,7.866,0.238,9.901
05h_A1_300623_Simple Segmentation,0,0,NaN,0.000,NaN
05h_A1_300623_Simple Segmentation,0,0,NaN,0.000,NaN
05h_A1_300623_Simple Segmentation,12,91,7.583,0.064,10.112
05h_A1_300623_Simple Segmentation,0,0,NaN,0.000,NaN
05h_A1_300623_Simple Segmentation,0,0,NaN,0.000,NaN
05h_A1_300623_Simple Segmentation,0,0,NaN,0.000,NaN
05h_A1_300623_Simple Segmentation,0,0,NaN,0.000,NaN
05h_A1_300623_Simple Segmentation,0,0,NaN,0.000,NaN
05h_A1_300623_Simple Segmentation,0,0,NaN,0.000,NaN
05h_A1_300623_Simple Segmentation,0,0,NaN,0.000,NaN
05h_A1_300623_Simple Segmentation,0,0,NaN,0.000,NaN
05h_A1_300623_Simple Segmentation,0,0,NaN,0.000,NaN
05h_A1_300623_Simple Segmentation,0,0,NaN,0.000,NaN
05h_A1_300623_Simple Segmentation,88,690,7.841,0.293,10.306
05h_A1_300623_Simple Segmentation,0,0,NaN,0.000,NaN
05h_A1_300623_Simple Segmentation,0,0,NaN,0.000,NaN
05h_A1_300623_Simple Segmentation,0,0,NaN,0.000,NaN
05h_A1_300623_Simple Segmentation,0,0,NaN,0.000,NaN
05h_A1_300623_Simple Segmentation,0,0,NaN,0.000,NaN
05h_A1_300623_Simple Segmentation,13,127,9.769,1.587,10.666
05h_A1_300623_Simple Segmentation,497,5496,11.058,0.889,12.828
05h_A1_300623_Simple Segmentation,0,0,NaN,0.000,NaN
05h_A1_300623_Simple Segmentation,0,0,NaN,0.000,NaN
05h_A1_300623_Simple Segmentation,0,0,NaN,0.000,NaN
05h_A1_300623_Simple Segmentation,0,0,NaN,0.000,NaN
05h_A1_300623_Simple Segmentation,20,170,8.500,0.219,10.697
05h_A1_300623_Simple Segmentation,0,0,NaN,0.000,NaN
05h_A1_300623_Simple Segmentation,0,0,NaN,0.000,NaN
05h_A1_300623_Simple Segmentation,0,0,NaN,0.000,NaN
05h_A1_300623_Simple Segmentation,0,0,NaN,0.000,NaN
05h_A1_300623_Simple Segmentation,0,0,NaN,0.000,NaN
05h_A1_300623_Simple Segmentation,0,0,NaN,0.000,NaN
05h_A1_300623_Simple Segmentation,0,0,NaN,0.000,NaN
05h_A1_300623_Simple Segmentation,0,0,NaN,0.000,NaN
05h_A1_300623_Simple Segmentation,0,0,NaN,0.000,NaN
05h_A1_300623_Simple Segmentation,22,200,9.091,1.225,10.330
05h_A1_300623_Simple Segmentation,0,0,NaN,0.000,NaN
05h_A1_300623_Simple Segmentation,0,0,NaN,0.000,NaN
05h_A1_300623_Simple Segmentation,0,0,NaN,0.000,NaN
05h_A1_300623_Simple Segmentation,0,0,NaN,0.000,NaN
05h_A1_300623_Simple Segmentation,0,0,NaN,0.000,NaN
05h_A1_300623_Simple Segmentation,0,0,NaN,0.000,NaN
05h_A1_300623_Simple Segmentation,0,0,NaN,0.000,NaN
05h_A1_300623_Simple Segmentation,21,226,10.762,0.165,12.985
05h_A1_300623_Simple Segmentation,0,0,NaN,0.000,NaN
05h_A1_300623_Simple Segmentation,0,0,NaN,0.000,NaN
05h_A1_300623_Simple Segmentation,23,208,9.043,0.200,11.003
05h_A1_300623_Simple Segmentation,0,0,NaN,0.000,NaN
05h_A1_300623_Simple Segmentation,0,0,NaN,0.000,NaN
05h_A1_300623_Simple Segmentation,0,0,NaN,0.000,NaN
05h_A1_300623_Simple Segmentation,0,0,NaN,0.000,NaN
05h_A1_300623_Simple Segmentation,0,0,NaN,0.000,NaN
05h_A1_300623_Simple Segmentation,0,0,NaN,0.000,NaN
05h_A1_300623_Simple Segmentation,0,0,NaN,0.000,NaN
05h_A1_300623_Simple Segmentation,0,0,NaN,0.000,NaN
05h_A1_300623_Simple Segmentation,0,0,NaN,0.000,NaN
05h_A1_300623_Simple Segmentation,0,0,NaN,0.000,NaN
05h_A1_300623_Simple Segmentation,10,139,13.900,0.462,15.314
05h_A1_300623_Simple Segmentation,0,0,NaN,0.000,NaN
05h_A1_300623_Simple Segmentation,0,0,NaN,0.000,NaN
05h_A1_300623_Simple Segmentation,0,0,NaN,0.000,NaN
05h_A1_300623_Simple Segmentation,0,0,NaN,0.000,NaN
05h_A1_300623_Simple Segmentation,0,0,NaN,0.000,NaN
05h_A1_300623_Simple Segmentation,16,194,12.125,1.087,14.091
05h_A1_300623_Simple Segmentation,0,0,NaN,0.000,NaN
05h_A1_300623_Simple Segmentation,0,0,NaN,0.000,NaN
05h_A1_300623_Simple Segmentation,0,0,NaN,0.000,NaN
05h_A1_300623_Simple Segmentation,15,141,9.400,0.173,11.851
05h_A1_300623_Simple Segmentation,0,0,NaN,0.000,NaN
05h_A1_300623_Simple Segmentation,0,0,NaN,0.000,NaN
05h_A1_300623_Simple Segmentation,0,0,NaN,0.000,NaN
05h_A1_300623_Simple Segmentation,0,0,NaN,0.000,NaN
05h_A1_300623_Simple Segmentation,0,0,NaN,0.000,NaN
05h_A1_300623_Simple Segmentation,0,0,NaN,0.000,NaN
05h_A1_300623_Simple Segmentation,0,0,NaN,0.000,NaN
05h_A1_300623_Simple Segmentation,0,0,NaN,0.000,NaN
05h_A1_300623_Simple Segmentation,0,0,NaN,0.000,NaN
05h_A1_300623_Simple Segmentation,22,163,7.409,0.213,9.375
05h_A1_300623_Simple Segmentation,0,0,NaN,0.000,NaN
05h_A1_300623_Simple Segmentation,0,0,NaN,0.000,NaN
05h_A1_300623_Simple Segmentation,0,0,NaN,0.000,NaN
05h_A1_300623_Simple Segmentation,0,0,NaN,0.000,NaN
05h_A1_300623_Simple Segmentation,0,0,NaN,0.000,NaN
05h_A1_300623_Simple Segmentation,21,235,11.190,0.309,12.499
05h_A1_300623_Simple Segmentation,0,0,NaN,0.000,NaN
05h_A1_300623_Simple Segmentation,0,0,NaN,0.000,NaN
05h_A1_300623_Simple Segmentation,0,0,NaN,0.000,NaN
05h_A1_300623_Simple Segmentation,0,0,NaN,0.000,NaN
05h_A1_300623_Simple Segmentation,1034,11134,10.768,0.713,12.455
05h_A1_300623_Simple Segmentation,0,0,NaN,0.000,NaN
05h_A1_300623_Simple Segmentation,0,0,NaN,0.000,NaN
05h_A1_300623_Simple Segmentation,0,0,NaN,0.000,NaN
05h_A1_300623_Simple Segmentation,0,0,NaN,0.000,NaN
05h_A1_300623_Simple Segmentation,12,92,7.667,0.835,9.750
05h_A1_300623_Simple Segmentation,0,0,NaN,0.000,NaN
05h_A1_300623_Simple Segmentation,0,0,NaN,0.000,NaN
05h_A1_300623_Simple Segmentation,0,0,NaN,0.000,NaN
05h_A1_300623_Simple Segmentation,0,0,NaN,0.000,NaN
05h_A1_300623_Simple Segmentation,329,2799,8.508,0.367,10.603
05h_A1_300623_Simple Segmentation,0,0,NaN,0.000,NaN
05h_A1_300623_Simple Segmentation,0,0,NaN,0.000,NaN
05h_A1_300623_Simple Segmentation,0,0,NaN,0.000,NaN
05h_A1_300623_Simple Segmentation,631,6235,9.881,0.597,11.848
05h_A1_300623_Simple Segmentation,0,0,NaN,0.000,NaN
05h_A1_300623_Simple Segmentation,0,0,NaN,0.000,NaN
05h_A1_300623_Simple Segmentation,0,0,NaN,0.000,NaN
05h_A1_300623_Simple Segmentation,27,264,9.778,0.192,11.754
05h_A1_300623_Simple Segmentation,0,0,NaN,0.000,NaN
05h_A1_300623_Simple Segmentation,0,0,NaN,0.000,NaN
05h_A1_300623_Simple Segmentation,0,0,NaN,0.000,NaN
05h_A1_300623_Simple Segmentation,0,0,NaN,0.000,NaN
05h_A1_300623_Simple Segmentation,0,0,NaN,0.000,NaN
05h_A1_300623_Simple Segmentation,7,68,9.714,1.151,10.820
05h_A1_300623_Simple Segmentation,0,0,NaN,0.000,NaN
05h_A1_300623_Simple Segmentation,0,0,NaN,0.000,NaN
05h_A1_300623_Simple Segmentation,328,2824,8.610,0.430,10.975
05h_A1_300623_Simple Segmentation,0,0,NaN,0.000,NaN
05h_A1_300623_Simple Segmentation,0,0,NaN,0.000,NaN
05h_A1_300623_Simple Segmentation,0,0,NaN,0.000,NaN
05h_A1_300623_Simple Segmentation,4425,42017,9.495,1.079,11.497
05h_A1_300623_Simple Segmentation,0,0,NaN,0.000,NaN
05h_A1_300623_Simple Segmentation,0,0,NaN,0.000,NaN
05h_A1_300623_Simple Segmentation,0,0,NaN,0.000,NaN
05h_A1_300623_Simple Segmentation,0,0,NaN,0.000,NaN
05h_A1_300623_Simple Segmentation,0,0,NaN,0.000,NaN
05h_A1_300623_Simple Segmentation,1996,19934,9.987,0.895,11.957
05h_A1_300623_Simple Segmentation,1402,12423,8.861,0.639,11.131
05h_A1_300623_Simple Segmentation,0,0,NaN,0.000,NaN
05h_A1_300623_Simple Segmentation,0,0,NaN,0.000,NaN
05h_A1_300623_Simple Segmentation,0,0,NaN,0.000,NaN
05h_A1_300623_Simple Segmentation,16,154,9.625,0.317,11.884
05h_A1_300623_Simple Segmentation,0,0,NaN,0.000,NaN
05h_A1_300623_Simple Segmentation,0,0,NaN,0.000,NaN
05h_A1_300623_Simple Segmentation,0,0,NaN,0.000,NaN
05h_A1_300623_Simple Segmentation,0,0,NaN,0.000,NaN
05h_A1_300623_Simple Segmentation,0,0,NaN,0.000,NaN
05h_A1_300623_Simple Segmentation,0,0,NaN,0.000,NaN
05h_A1_300623_Simple Segmentation,0,0,NaN,0.000,NaN
05h_A1_300623_Simple Segmentation,0,0,NaN,0.000,NaN
05h_A1_300623_Simple Segmentation,0,0,NaN,0.000,NaN
05h_A1_300623_Simple Segmentation,0,0,NaN,0.000,NaN
05h_A1_300623_Simple Segmentation,75,777,10.360,0.300,11.841
05h_A1_300623_Simple Segmentation,0,0,NaN,0.000,NaN
05h_A1_300623_Simple Segmentation,0,0,NaN,0.000,NaN
05h_A1_300623_Simple Segmentation,0,0,NaN,0.000,NaN
05h_A1_300623_Simple Segmentation,0,0,NaN,0.000,NaN
05h_A1_300623_Simple Segmentation,0,0,NaN,0.000,NaN
05h_A1_300623_Simple Segmentation,0,0,NaN,0.000,NaN
05h_A1_300623_Simple Segmentation,0,0,NaN,0.000,NaN
05h_A1_300623_Simple Segmentation,0,0,NaN,0.000,NaN
05h_A1_300623_Simple Segmentation,0,0,NaN,0.000,NaN
05h_A1_300623_Simple Segmentation,0,0,NaN,0.000,NaN
05h_A1_300623_Simple Segmentation,0,0,NaN,0.000,NaN
05h_A1_300623_Simple Segmentation,0,0,NaN,0.000,NaN
05h_A1_300623_Simple Segmentation,0,0,NaN,0.000,NaN
05h_A1_300623_Simple Segmentation,0,0,NaN,0.000,NaN
05h_A1_300623_Simple Segmentation,0,0,NaN,0.000,NaN
05h_A1_300623_Simple Segmentation,0,0,NaN,0.000,NaN
05h_A1_300623_Simple Segmentation,0,0,NaN,0.000,NaN
05h_A1_300623_Simple Segmentation,0,0,NaN,0.000,NaN
05h_A1_300623_Simple Segmentation,0,0,NaN,0.000,NaN
05h_A1_300623_Simple Segmentation,0,0,NaN,0.000,NaN
05h_A1_300623_Simple Segmentation,0,0,NaN,0.000,NaN
05h_A1_300623_Simple Segmentation,0,0,NaN,0.000,NaN
05h_A1_300623_Simple Segmentation,0,0,NaN,0.000,NaN
05h_A1_300623_Simple Segmentation,0,0,NaN,0.000,NaN
05h_A1_300623_Simple Segmentation,0,0,NaN,0.000,NaN
05h_A1_300623_Simple Segmentation,0,0,NaN,0.000,NaN
05h_A1_300623_Simple Segmentation,0,0,NaN,0.000,NaN
05h_A1_300623_Simple Segmentation,5006,49900,9.968,1.120,11.846
05h_A1_300623_Simple Segmentation,0,0,NaN,0.000,NaN
05h_A1_300623_Simple Segmentation,0,0,NaN,0.000,NaN
05h_A1_300623_Simple Segmentation,0,0,NaN,0.000,NaN
05h_A1_300623_Simple Segmentation,0,0,NaN,0.000,NaN
05h_A1_300623_Simple Segmentation,0,0,NaN,0.000,NaN
05h_A1_300623_Simple Segmentation,0,0,NaN,0.000,NaN
05h_A1_300623_Simple Segmentation,0,0,NaN,0.000,NaN
05h_A1_300623_Simple Segmentation,0,0,NaN,0.000,NaN
05h_A1_300623_Simple Segmentation,12,97,8.083,0.388,10.721
05h_A1_300623_Simple Segmentation,0,0,NaN,0.000,NaN
05h_A1_300623_Simple Segmentation,0,0,NaN,0.000,NaN
05h_A1_300623_Simple Segmentation,13,125,9.615,0.328,11.146
05h_A1_300623_Simple Segmentation,0,0,NaN,0.000,NaN
05h_A1_300623_Simple Segmentation,273,2291,8.392,0.432,10.627
05h_A1_300623_Simple Segmentation,0,0,NaN,0.000,NaN
05h_A1_300623_Simple Segmentation,0,0,NaN,0.000,NaN
05h_A1_300623_Simple Segmentation,0,0,NaN,0.000,NaN
05h_A1_300623_Simple Segmentation,49,564,11.510,0.628,12.860
05h_A1_300623_Simple Segmentation,0,0,NaN,0.000,NaN
05h_A1_300623_Simple Segmentation,0,0,NaN,0.000,NaN
05h_A1_300623_Simple Segmentation,0,0,NaN,0.000,NaN
05h_A1_300623_Simple Segmentation,0,0,NaN,0.000,NaN
05h_A1_300623_Simple Segmentation,0,0,NaN,0.000,NaN
05h_A1_300623_Simple Segmentation,0,0,NaN,0.000,NaN
05h_A1_300623_Simple Segmentation,0,0,NaN,0.000,NaN
05h_A1_300623_Simple Segmentation,0,0,NaN,0.000,NaN
05h_A1_300623_Simple Segmentation,0,0,NaN,0.000,NaN
05h_A1_300623_Simple Segmentation,20,232,11.600,0.291,13.370
05h_A1_300623_Simple Segmentation,0,0,NaN,0.000,NaN
05h_A1_300623_Simple Segmentation,0,0,NaN,0.000,NaN
05h_A1_300623_Simple Segmentation,0,0,NaN,0.000,NaN
05h_A1_300623_Simple Segmentation,0,0,NaN,0.000,NaN
05h_A1_300623_Simple Segmentation,0,0,NaN,0.000,NaN
05h_A1_300623_Simple Segmentation,0,0,NaN,0.000,NaN
05h_A1_300623_Simple Segmentation,947,9765,10.312,0.626,12.250
05h_A1_300623_Simple Segmentation,1910,17811,9.325,0.748,11.303
05h_A1_300623_Simple Segmentation,0,0,NaN,0.000,NaN
05h_A1_300623_Simple Segmentation,0,0,NaN,0.000,NaN
05h_A1_300623_Simple Segmentation,0,0,NaN,0.000,NaN
05h_A1_300623_Simple Segmentation,0,0,NaN,0.000,NaN
05h_A1_300623_Simple Segmentation,51,512,10.039,0.145,12.993
05h_A1_300623_Simple Segmentation,0,0,NaN,0.000,NaN
05h_A1_300623_Simple Segmentation,0,0,NaN,0.000,NaN
05h_A1_300623_Simple Segmentation,0,0,NaN,0.000,NaN
05h_A1_300623_Simple Segmentation,0,0,NaN,0.000,NaN
05h_A1_300623_Simple Segmentation,0,0,NaN,0.000,NaN
05h_A1_300623_Simple Segmentation,0,0,NaN,0.000,NaN
05h_A1_300623_Simple Segmentation,0,0,NaN,0.000,NaN
05h_A1_300623_Simple Segmentation,22,163,7.409,0.150,10.774
05h_A1_300623_Simple Segmentation,0,0,NaN,0.000,NaN
05h_A1_300623_Simple Segmentation,17,162,9.529,1.026,12.003
05h_A1_300623_Simple Segmentation,0,0,NaN,0.000,NaN
05h_A1_300623_Simple Segmentation,0,0,NaN,0.000,NaN
05h_A1_300623_Simple Segmentation,0,0,NaN,0.000,NaN
05h_A1_300623_Simple Segmentation,0,0,NaN,0.000,NaN
05h_A1_300623_Simple Segmentation,0,0,NaN,0.000,NaN
05h_A1_300623_Simple Segmentation,0,0,NaN,0.000,NaN
05h_A1_300623_Simple Segmentation,0,0,NaN,0.000,NaN
05h_A1_300623_Simple Segmentation,0,0,NaN,0.000,NaN
05h_A1_300623_Simple Segmentation,0,0,NaN,0.000,NaN
05h_A1_300623_Simple Segmentation,0,0,NaN,0.000,NaN
05h_A1_300623_Simple Segmentation,0,0,NaN,0.000,NaN
05h_A1_300623_Simple Segmentation,404,3336,8.257,0.383,10.574
05h_A1_300623_Simple Segmentation,0,0,NaN,0.000,NaN
05h_A1_300623_Simple Segmentation,0,0,NaN,0.000,NaN
05h_A1_300623_Simple Segmentation,0,0,NaN,0.000,NaN
05h_A1_300623_Simple Segmentation,0,0,NaN,0.000,NaN
05h_A1_300623_Simple Segmentation,0,0,NaN,0.000,NaN
05h_A1_300623_Simple Segmentation,0,0,NaN,0.000,NaN
05h_A1_300623_Simple Segmentation,0,0,NaN,0.000,NaN
05h_A1_300623_Simple Segmentation,0,0,NaN,0.000,NaN
05h_A1_300623_Simple Segmentation,0,0,NaN,0.000,NaN
05h_A1_300623_Simple Segmentation,0,0,NaN,0.000,NaN
05h_A1_300623_Simple Segmentation,69,602,8.725,0.184,10.651
05h_A1_300623_Simple Segmentation,0,0,NaN,0.000,NaN
05h_A1_300623_Simple Segmentation,0,0,NaN,0.000,NaN
05h_A1_300623_Simple Segmentation,0,0,NaN,0.000,NaN
05h_A1_300623_Simple Segmentation,0,0,NaN,0.000,NaN
05h_A1_300623_Simple Segmentation,0,0,NaN,0.000,NaN
05h_A1_300623_Simple Segmentation,0,0,NaN,0.000,NaN
05h_A1_300623_Simple Segmentation,0,0,NaN,0.000,NaN
05h_A1_300623_Simple Segmentation,73,759,10.397,0.239,12.580
05h_A1_300623_Simple Segmentation,0,0,NaN,0.000,NaN
05h_A1_300623_Simple Segmentation,0,0,NaN,0.000,NaN
05h_A1_300623_Simple Segmentation,0,0,NaN,0.000,NaN
05h_A1_300623_Simple Segmentation,0,0,NaN,0.000,NaN
05h_A1_300623_Simple Segmentation,0,0,NaN,0.000,NaN
05h_A1_300623_Simple Segmentation,0,0,NaN,0.000,NaN
05h_A1_300623_Simple Segmentation,9,115,12.778,0.832,14.122
05h_A1_300623_Simple Segmentation,0,0,NaN,0.000,NaN
05h_A1_300623_Simple Segmentation,0,0,NaN,0.000,NaN
05h_A1_300623_Simple Segmentation,31,271,8.742,0.110,11.324
05h_A1_300623_Simple Segmentation,13,192,14.769,0.659,15.258
05h_A1_300623_Simple Segmentation,0,0,NaN,0.000,NaN
05h_A1_300623_Simple Segmentation,0,0,NaN,0.000,NaN
05h_A1_300623_Simple Segmentation,27,141,5.222,0.487,7.745
05h_A1_300623_Simple Segmentation,0,0,NaN,0.000,NaN
05h_A1_300623_Simple Segmentation,0,0,NaN,0.000,NaN
05h_A1_300623_Simple Segmentation,0,0,NaN,0.000,NaN
05h_A1_300623_Simple Segmentation,598,5448,9.110,0.587,11.305
05h_A1_300623_Simple Segmentation,0,0,NaN,0.000,NaN
05h_A1_300623_Simple Segmentation,0,0,NaN,0.000,NaN
05h_A1_300623_Simple Segmentation,0,0,NaN,0.000,NaN
05h_A1_300623_Simple Segmentation,0,0,NaN,0.000,NaN
05h_A1_300623_Simple Segmentation,8,91,11.375,0.536,14.857
05h_A1_300623_Simple Segmentation,0,0,NaN,0.000,NaN
05h_A1_300623_Simple Segmentation,0,0,NaN,0.000,NaN
05h_A1_300623_Simple Segmentation,9,80,8.889,0.112,11.206
05h_A1_300623_Simple Segmentation,0,0,NaN,0.000,NaN
05h_A1_300623_Simple Segmentation,0,0,NaN,0.000,NaN
05h_A1_300623_Simple Segmentation,14,176,12.571,0.636,14.001
05h_A1_300623_Simple Segmentation,14,179,12.786,0.474,14.370
05h_A1_300623_Simple Segmentation,0,0,NaN,0.000,NaN
05h_A1_300623_Simple Segmentation,0,0,NaN,0.000,NaN
05h_A1_300623_Simple Segmentation,0,0,NaN,0.000,NaN
05h_A1_300623_Simple Segmentation,0,0,NaN,0.000,NaN
05h_A1_300623_Simple Segmentation,183,1564,8.546,0.450,11.117
05h_A1_300623_Simple Segmentation,0,0,NaN,0.000,NaN
05h_A1_300623_Simple Segmentation,0,0,NaN,0.000,NaN
05h_A1_300623_Simple Segmentation,0,0,NaN,0.000,NaN
05h_A1_300623_Simple Segmentation,0,0,NaN,0.000,NaN
05h_A1_300623_Simple Segmentation,0,0,NaN,0.000,NaN
05h_A1_300623_Simple Segmentation,0,0,NaN,0.000,NaN
05h_A1_300623_Simple Segmentation,0,0,NaN,0.000,NaN
05h_A1_300623_Simple Segmentation,0,0,NaN,0.000,NaN
05h_A1_300623_Simple Segmentation,0,0,NaN,0.000,NaN
05h_A1_300623_Simple Segmentation,0,0,NaN,0.000,NaN
05h_A1_300623_Simple Segmentation,28,316,11.286,0.282,13.332
05h_A1_300623_Simple Segmentation,25,260,10.400,0.127,12.124
05h_A1_300623_Simple Segmentation,0,0,NaN,0.000,NaN
05h_A1_300623_Simple Segmentation,0,0,NaN,0.000,NaN
05h_A1_300623_Simple Segmentation,0,0,NaN,0.000,NaN
05h_A1_300623_Simple Segmentation,0,0,NaN,0.000,NaN
05h_A1_300623_Simple Segmentation,0,0,NaN,0.000,NaN
05h_A1_300623_Simple Segmentation,0,0,NaN,0.000,NaN
05h_A1_300623_Simple Segmentation,0,0,NaN,0.000,NaN
05h_A1_300623_Simple Segmentation,0,0,NaN,0.000,NaN
05h_A1_300623_Simple Segmentation,0,0,NaN,0.000,NaN
05h_A1_300623_Simple Segmentation,0,0,NaN,0.000,NaN
05h_A1_300623_Simple Segmentation,0,0,NaN,0.000,NaN
05h_A1_300623_Simple Segmentation,0,0,NaN,0.000,NaN
05h_A1_300623_Simple Segmentation,0,0,NaN,0.000,NaN
05h_A1_300623_Simple Segmentation,9,85,9.444,0.976,11.022
05h_A1_300623_Simple Segmentation,0,0,NaN,0.000,NaN
05h_A1_300623_Simple Segmentation,0,0,NaN,0.000,NaN
05h_A1_300623_Simple Segmentation,0,0,NaN,0.000,NaN
05h_A1_300623_Simple Segmentation,0,0,NaN,0.000,NaN
05h_A1_300623_Simple Segmentation,0,0,NaN,0.000,NaN
05h_A1_300623_Simple Segmentation,0,0,NaN,0.000,NaN
05h_A1_300623_Simple Segmentation,0,0,NaN,0.000,NaN
05h_A1_300623_Simple Segmentation,0,0,NaN,0.000,NaN
05h_A1_300623_Simple Segmentation,0,0,NaN,0.000,NaN
05h_A1_300623_Simple Segmentation,0,0,NaN,0.000,NaN
05h_A1_300623_Simple Segmentation,0,0,NaN,0.000,NaN
05h_A1_300623_Simple Segmentation,0,0,NaN,0.000,NaN
05h_A1_300623_Simple Segmentation,0,0,NaN,0.000,NaN
05h_A1_300623_Simple Segmentation,258,2379,9.221,0.310,11.159
05h_A1_300623_Simple Segmentation,0,0,NaN,0.000,NaN
05h_A1_300623_Simple Segmentation,0,0,NaN,0.000,NaN
05h_A1_300623_Simple Segmentation,0,0,NaN,0.000,NaN
05h_A1_300623_Simple Segmentation,0,0,NaN,0.000,NaN
05h_A1_300623_Simple Segmentation,0,0,NaN,0.000,NaN
05h_A1_300623_Simple Segmentation,0,0,NaN,0.000,NaN
05h_A1_300623_Simple Segmentation,0,0,NaN,0.000,NaN
05h_A1_300623_Simple Segmentation,0,0,NaN,0.000,NaN
05h_A1_300623_Simple Segmentation,0,0,NaN,0.000,NaN
05h_A1_300623_Simple Segmentation,0,0,NaN,0.000,NaN
05h_A1_300623_Simple Segmentation,0,0,NaN,0.000,NaN
05h_A1_300623_Simple Segmentation,38,305,8.026,0.106,10.869
05h_A1_300623_Simple Segmentation,125,1111,8.888,0.385,11.064
05h_A1_300623_Simple Segmentation,0,0,NaN,0.000,NaN
05h_A1_300623_Simple Segmentation,28,236,8.429,0.290,10.796
05h_A1_300623_Simple Segmentation,0,0,NaN,0.000,NaN
05h_A1_300623_Simple Segmentation,21,270,12.857,0.623,13.878
05h_A1_300623_Simple Segmentation,0,0,NaN,0.000,NaN
05h_A1_300623_Simple Segmentation,0,0,NaN,0.000,NaN
05h_A1_300623_Simple Segmentation,505,3934,7.790,0.347,10.109
05h_A1_300623_Simple Segmentation,0,0,NaN,0.000,NaN
05h_A1_300623_Simple Segmentation,0,0,NaN,0.000,NaN
05h_A1_300623_Simple Segmentation,0,0,NaN,0.000,NaN
05h_A1_300623_Simple Segmentation,19,299,15.737,0.443,16.102
05h_A1_300623_Simple Segmentation,0,0,NaN,0.000,NaN
05h_A1_300623_Simple Segmentation,0,0,NaN,0.000,NaN
05h_A1_300623_Simple Segmentation,0,0,NaN,0.000,NaN
05h_A1_300623_Simple Segmentation,45,474,10.533,0.127,11.804
05h_A1_300623_Simple Segmentation,89,604,6.787,0.236,9.925
05h_A1_300623_Simple Segmentation,0,0,NaN,0.000,NaN
05h_A1_300623_Simple Segmentation,1845,17116,9.277,0.652,11.260
05h_A1_300623_Simple Segmentation,0,0,NaN,0.000,NaN
05h_A1_300623_Simple Segmentation,0,0,NaN,0.000,NaN
05h_A1_300623_Simple Segmentation,0,0,NaN,0.000,NaN
05h_A1_300623_Simple Segmentation,0,0,NaN,0.000,NaN
05h_A1_300623_Simple Segmentation,0,0,NaN,0.000,NaN
05h_A1_300623_Simple Segmentation,0,0,NaN,0.000,NaN
05h_A1_300623_Simple Segmentation,0,0,NaN,0.000,NaN
05h_A1_300623_Simple Segmentation,0,0,NaN,0.000,NaN
05h_A1_300623_Simple Segmentation,16,176,11.000,0.559,12.878
05h_A1_300623_Simple Segmentation,0,0,NaN,0.000,NaN
05h_A1_300623_Simple Segmentation,0,0,NaN,0.000,NaN
05h_A1_300623_Simple Segmentation,0,0,NaN,0.000,NaN
05h_A1_300623_Simple Segmentation,0,0,NaN,0.000,NaN
05h_A1_300623_Simple Segmentation,0,0,NaN,0.000,NaN
05h_A1_300623_Simple Segmentation,0,0,NaN,0.000,NaN
05h_A1_300623_Simple Segmentation,0,0,NaN,0.000,NaN
05h_A1_300623_Simple Segmentation,0,0,NaN,0.000,NaN
05h_A1_300623_Simple Segmentation,0,0,NaN,0.000,NaN
05h_A1_300623_Simple Segmentation,22,219,9.955,0.166,11.887
05h_A1_300623_Simple Segmentation,0,0,NaN,0.000,NaN
05h_A1_300623_Simple Segmentation,0,0,NaN,0.000,NaN
05h_A1_300623_Simple Segmentation,0,0,NaN,0.000,NaN
05h_A1_300623_Simple Segmentation,0,0,NaN,0.000,NaN
05h_A1_300623_Simple Segmentation,0,0,NaN,0.000,NaN
05h_A1_300623_Simple Segmentation,0,0,NaN,0.000,NaN
05h_A1_300623_Simple Segmentation,0,0,NaN,0.000,NaN
05h_A1_300623_Simple Segmentation,0,0,NaN,0.000,NaN
05h_A1_300623_Simple Segmentation,0,0,NaN,0.000,NaN
05h_A1_300623_Simple Segmentation,0,0,NaN,0.000,NaN
05h_A1_300623_Simple Segmentation,0,0,NaN,0.000,NaN
05h_A1_300623_Simple Segmentation,11,133,12.091,0.702,14.006
05h_A1_300623_Simple Segmentation,0,0,NaN,0.000,NaN
05h_A1_300623_Simple Segmentation,0,0,NaN,0.000,NaN
05h_A1_300623_Simple Segmentation,1853,17303,9.338,0.701,11.477
05h_A1_300623_Simple Segmentation,0,0,NaN,0.000,NaN
05h_A1_300623_Simple Segmentation,0,0,NaN,0.000,NaN
05h_A1_300623_Simple Segmentation,0,0,NaN,0.000,NaN
05h_A1_300623_Simple Segmentation,0,0,NaN,0.000,NaN
05h_A1_300623_Simple Segmentation,0,0,NaN,0.000,NaN
05h_A1_300623_Simple Segmentation,0,0,NaN,0.000,NaN
05h_A1_300623_Simple Segmentation,0,0,NaN,0.000,NaN
05h_A1_300623_Simple Segmentation,8,77,9.625,0.734,12.412
05h_A1_300623_Simple Segmentation,0,0,NaN,0.000,NaN
05h_A1_300623_Simple Segmentation,0,0,NaN,0.000,NaN
05h_A1_300623_Simple Segmentation,0,0,NaN,0.000,NaN
05h_A1_300623_Simple Segmentation,32,368,11.500,0.182,12.409
05h_A1_300623_Simple Segmentation,66,699,10.591,0.259,12.676
05h_A1_300623_Simple Segmentation,20,190,9.500,0.126,11.651
05h_A1_300623_Simple Segmentation,0,0,NaN,0.000,NaN
05h_A1_300623_Simple Segmentation,0,0,NaN,0.000,NaN
05h_A1_300623_Simple Segmentation,0,0,NaN,0.000,NaN
05h_A1_300623_Simple Segmentation,0,0,NaN,0.000,NaN
05h_A1_300623_Simple Segmentation,0,0,NaN,0.000,NaN
05h_A1_300623_Simple Segmentation,0,0,NaN,0.000,NaN
05h_A1_300623_Simple Segmentation,0,0,NaN,0.000,NaN
05h_A1_300623_Simple Segmentation,0,0,NaN,0.000,NaN
05h_A1_300623_Simple Segmentation,0,0,NaN,0.000,NaN
05h_A1_300623_Simple Segmentation,0,0,NaN,0.000,NaN
05h_A1_300623_Simple Segmentation,0,0,NaN,0.000,NaN
05h_A1_300623_Simple Segmentation,0,0,NaN,0.000,NaN
05h_A1_300623_Simple Segmentation,0,0,NaN,0.000,NaN
05h_A1_300623_Simple Segmentation,0,0,NaN,0.000,NaN
05h_A1_300623_Simple Segmentation,0,0,NaN,0.000,NaN
05h_A1_300623_Simple Segmentation,0,0,NaN,0.000,NaN
05h_A1_300623_Simple Segmentation,0,0,NaN,0.000,NaN
05h_A1_300623_Simple Segmentation,84,755,8.988,0.362,10.913
05h_A1_300623_Simple Segmentation,0,0,NaN,0.000,NaN
05h_A1_300623_Simple Segmentation,0,0,NaN,0.000,NaN
05h_A1_300623_Simple Segmentation,0,0,NaN,0.000,NaN
05h_A1_300623_Simple Segmentation,0,0,NaN,0.000,NaN
05h_A1_300623_Simple Segmentation,0,0,NaN,0.000,NaN
05h_A1_300623_Simple Segmentation,0,0,NaN,0.000,NaN
05h_A1_300623_Simple Segmentation,0,0,NaN,0.000,NaN
05h_A1_300623_Simple Segmentation,0,0,NaN,0.000,NaN
05h_A1_300623_Simple Segmentation,0,0,NaN,0.000,NaN
05h_A1_300623_Simple Segmentation,0,0,NaN,0.000,NaN
05h_A1_300623_Simple Segmentation,2304,27798,12.065,1.325,13.132
05h_A1_300623_Simple Segmentation,0,0,NaN,0.000,NaN
05h_A1_300623_Simple Segmentation,0,0,NaN,0.000,NaN
05h_A1_300623_Simple Segmentation,0,0,NaN,0.000,NaN
05h_A1_300623_Simple Segmentation,0,0,NaN,0.000,NaN
05h_A1_300623_Simple Segmentation,0,0,NaN,0.000,NaN
05h_A1_300623_Simple Segmentation,0,0,NaN,0.000,NaN
05h_A1_300623_Simple Segmentation,0,0,NaN,0.000,NaN
05h_A1_300623_Simple Segmentation,0,0,NaN,0.000,NaN
05h_A1_300623_Simple Segmentation,0,0,NaN,0.000,NaN
05h_A1_300623_Simple Segmentation,0,0,NaN,0.000,NaN
05h_A1_300623_Simple Segmentation,0,0,NaN,0.000,NaN
05h_A1_300623_Simple Segmentation,0,0,NaN,0.000,NaN
05h_A1_300623_Simple Segmentation,0,0,NaN,0.000,NaN
05h_A1_300623_Simple Segmentation,0,0,NaN,0.000,NaN
05h_A1_300623_Simple Segmentation,0,0,NaN,0.000,NaN
05h_A1_300623_Simple Segmentation,13,101,7.769,0.096,10.196
05h_A1_300623_Simple Segmentation,0,0,NaN,0.000,NaN
05h_A1_300623_Simple Segmentation,0,0,NaN,0.000,NaN
05h_A1_300623_Simple Segmentation,209,2157,10.321,0.369,11.913
05h_A1_300623_Simple Segmentation,0,0,NaN,0.000,NaN
05h_A1_300623_Simple Segmentation,0,0,NaN,0.000,NaN
05h_A1_300623_Simple Segmentation,0,0,NaN,0.000,NaN
05h_A1_300623_Simple Segmentation,0,0,NaN,0.000,NaN
05h_A1_300623_Simple Segmentation,0,0,NaN,0.000,NaN
05h_A1_300623_Simple Segmentation,0,0,NaN,0.000,NaN
05h_A1_300623_Simple Segmentation,0,0,NaN,0.000,NaN
05h_A1_300623_Simple Segmentation,0,0,NaN,0.000,NaN
05h_A1_300623_Simple Segmentation,0,0,NaN,0.000,NaN
05h_A1_300623_Simple Segmentation,0,0,NaN,0.000,NaN
05h_A1_300623_Simple Segmentation,0,0,NaN,0.000,NaN
05h_A1_300623_Simple Segmentation,0,0,NaN,0.000,NaN
05h_A1_300623_Simple Segmentation,0,0,NaN,0.000,NaN
05h_A1_300623_Simple Segmentation,0,0,NaN,0.000,NaN
05h_A1_300623_Simple Segmentation,0,0,NaN,0.000,NaN
05h_A1_300623_Simple Segmentation,0,0,NaN,0.000,NaN
05h_A1_300623_Simple Segmentation,8,71,8.875,0.226,9.455
05h_A1_300623_Simple Segmentation,0,0,NaN,0.000,NaN
05h_A1_300623_Simple Segmentation,0,0,NaN,0.000,NaN
05h_A1_300623_Simple Segmentation,0,0,NaN,0.000,NaN
05h_A1_300623_Simple Segmentation,63,455,7.222,0.162,9.721
05h_A1_300623_Simple Segmentation,0,0,NaN,0.000,NaN
05h_A1_300623_Simple Segmentation,256,2441,9.535,0.368,11.364
05h_A1_300623_Simple Segmentation,0,0,NaN,0.000,NaN
05h_A1_300623_Simple Segmentation,577,5021,8.702,0.457,10.897
05h_A1_300623_Simple Segmentation,0,0,NaN,0.000,NaN
05h_A1_300623_Simple Segmentation,0,0,NaN,0.000,NaN
05h_A1_300623_Simple Segmentation,30,309,10.300,0.204,11.706
05h_A1_300623_Simple Segmentation,39,282,7.231,0.211,10.089
05h_A1_300623_Simple Segmentation,0,0,NaN,0.000,NaN
05h_A1_300623_Simple Segmentation,0,0,NaN,0.000,NaN
05h_A1_300623_Simple Segmentation,0,0,NaN,0.000,NaN
05h_A1_300623_Simple Segmentation,0,0,NaN,0.000,NaN
05h_A1_300623_Simple Segmentation,0,0,NaN,0.000,NaN
05h_A1_300623_Simple Segmentation,158,1355,8.576,0.279,10.939
05h_A1_300623_Simple Segmentation,23,262,11.391,0.166,12.195
05h_A1_300623_Simple Segmentation,29,186,6.414,0.053,9.867
05h_A1_300623_Simple Segmentation,0,0,NaN,0.000,NaN
05h_A1_300623_Simple Segmentation,0,0,NaN,0.000,NaN
05h_A1_300623_Simple Segmentation,0,0,NaN,0.000,NaN
05h_A1_300623_Simple Segmentation,0,0,NaN,0.000,NaN
05h_A1_300623_Simple Segmentation,0,0,NaN,0.000,NaN
05h_A1_300623_Simple Segmentation,23,123,5.348,0.075,7.638
05h_A1_300623_Simple Segmentation,0,0,NaN,0.000,NaN
05h_A1_300623_Simple Segmentation,0,0,NaN,0.000,NaN
05h_A1_300623_Simple Segmentation,0,0,NaN,0.000,NaN
05h_A1_300623_Simple Segmentation,0,0,NaN,0.000,NaN
05h_A1_300623_Simple Segmentation,0,0,NaN,0.000,NaN
05h_A1_300623_Simple Segmentation,0,0,NaN,0.000,NaN
05h_A1_300623_Simple Segmentation,0,0,NaN,0.000,NaN
05h_A1_300623_Simple Segmentation,0,0,NaN,0.000,NaN
05h_A1_300623_Simple Segmentation,0,0,NaN,0.000,NaN
05h_A1_300623_Simple Segmentation,0,0,NaN,0.000,NaN
05h_A1_300623_Simple Segmentation,0,0,NaN,0.000,NaN
05h_A1_300623_Simple Segmentation,0,0,NaN,0.000,NaN
05h_A1_300623_Simple Segmentation,19,204,10.737,0.186,12.662
05h_A1_300623_Simple Segmentation,0,0,NaN,0.000,NaN
05h_A1_300623_Simple Segmentation,0,0,NaN,0.000,NaN
05h_A1_300623_Simple Segmentation,0,0,NaN,0.000,NaN
05h_A1_300623_Simple Segmentation,0,0,NaN,0.000,NaN
05h_A1_300623_Simple Segmentation,0,0,NaN,0.000,NaN
05h_A1_300623_Simple Segmentation,0,0,NaN,0.000,NaN
05h_A1_300623_Simple Segmentation,0,0,NaN,0.000,NaN
05h_A1_300623_Simple Segmentation,0,0,NaN,0.000,NaN
05h_A1_300623_Simple Segmentation,0,0,NaN,0.000,NaN
05h_A1_300623_Simple Segmentation,0,0,NaN,0.000,NaN
05h_A1_300623_Simple Segmentation,0,0,NaN,0.000,NaN
05h_A1_300623_Simple Segmentation,0,0,NaN,0.000,NaN
05h_A1_300623_Simple Segmentation,0,0,NaN,0.000,NaN
05h_A1_300623_Simple Segmentation,0,0,NaN,0.000,NaN
05h_A1_300623_Simple Segmentation,0,0,NaN,0.000,NaN
05h_A1_300623_Simple Segmentation,571,5826,10.203,0.483,12.101
05h_A1_300623_Simple Segmentation,0,0,NaN,0.000,NaN
05h_A1_300623_Simple Segmentation,0,0,NaN,0.000,NaN
05h_A1_300623_Simple Segmentation,0,0,NaN,0.000,NaN
05h_A1_300623_Simple Segmentation,0,0,NaN,0.000,NaN
05h_A1_300623_Simple Segmentation,280,2969,10.604,0.452,12.317
05h_A1_300623_Simple Segmentation,0,0,NaN,0.000,NaN
05h_A1_300623_Simple Segmentation,0,0,NaN,0.000,NaN
05h_A1_300623_Simple Segmentation,0,0,NaN,0.000,NaN
05h_A1_300623_Simple Segmentation,0,0,NaN,0.000,NaN
05h_A1_300623_Simple Segmentation,260,2581,9.927,0.377,11.615
05h_A1_300623_Simple Segmentation,0,0,NaN,0.000,NaN
05h_A1_300623_Simple Segmentation,0,0,NaN,0.000,NaN
05h_A1_300623_Simple Segmentation,0,0,NaN,0.000,NaN
05h_A1_300623_Simple Segmentation,0,0,NaN,0.000,NaN
05h_A1_300623_Simple Segmentation,0,0,NaN,0.000,NaN
05h_A1_300623_Simple Segmentation,221,2112,9.557,0.384,11.769
05h_A1_300623_Simple Segmentation,0,0,NaN,0.000,NaN
05h_A1_300623_Simple Segmentation,0,0,NaN,0.000,NaN
05h_A1_300623_Simple Segmentation,18,202,11.222,0.172,14.011
05h_A1_300623_Simple Segmentation,0,0,NaN,0.000,NaN
05h_A1_300623_Simple Segmentation,0,0,NaN,0.000,NaN
05h_A1_300623_Simple Segmentation,0,0,NaN,0.000,NaN
05h_A1_300623_Simple Segmentation,0,0,NaN,0.000,NaN
05h_A1_300623_Simple Segmentation,0,0,NaN,0.000,NaN
05h_A1_300623_Simple Segmentation,9,38,4.222,0.586,6.730
05h_A1_300623_Simple Segmentation,0,0,NaN,0.000,NaN
05h_A1_300623_Simple Segmentation,10,136,13.600,0.397,15.207
05h_A1_300623_Simple Segmentation,0,0,NaN,0.000,NaN
05h_A1_300623_Simple Segmentation,15,128,8.533,0.441,10.619
05h_A1_300623_Simple Segmentation,0,0,NaN,0.000,NaN
05h_A1_300623_Simple Segmentation,0,0,NaN,0.000,NaN
05h_A1_300623_Simple Segmentation,0,0,NaN,0.000,NaN
05h_A1_300623_Simple Segmentation,172,1548,9.000,0.293,11.093
05h_A1_300623_Simple Segmentation,0,0,NaN,0.000,NaN
05h_A1_300623_Simple Segmentation,0,0,NaN,0.000,NaN
05h_A1_300623_Simple Segmentation,0,0,NaN,0.000,NaN
05h_A1_300623_Simple Segmentation,548,5471,9.984,0.390,11.937
05h_A1_300623_Simple Segmentation,0,0,NaN,0.000,NaN
05h_A1_300623_Simple Segmentation,0,0,NaN,0.000,NaN
05h_A1_300623_Simple Segmentation,20,241,12.050,0.148,13.924
05h_A1_300623_Simple Segmentation,0,0,NaN,0.000,NaN
05h_A1_300623_Simple Segmentation,28,309,11.036,0.396,13.506
05h_A1_300623_Simple Segmentation,0,0,NaN,0.000,NaN
05h_A1_300623_Simple Segmentation,0,0,NaN,0.000,NaN
05h_A1_300623_Simple Segmentation,9,138,15.333,0.254,15.509
05h_A1_300623_Simple Segmentation,0,0,NaN,0.000,NaN
05h_A1_300623_Simple Segmentation,0,0,NaN,0.000,NaN
05h_A1_300623_Simple Segmentation,0,0,NaN,0.000,NaN
05h_A1_300623_Simple Segmentation,0,0,NaN,0.000,NaN
05h_A1_300623_Simple Segmentation,0,0,NaN,0.000,NaN
05h_A1_300623_Simple Segmentation,0,0,NaN,0.000,NaN
05h_A1_300623_Simple Segmentation,0,0,NaN,0.000,NaN
05h_A1_300623_Simple Segmentation,0,0,NaN,0.000,NaN
05h_A1_300623_Simple Segmentation,0,0,NaN,0.000,NaN
05h_A1_300623_Simple Segmentation,0,0,NaN,0.000,NaN
05h_A1_300623_Simple Segmentation,0,0,NaN,0.000,NaN
05h_A1_300623_Simple Segmentation,0,0,NaN,0.000,NaN
05h_A1_300623_Simple Segmentation,0,0,NaN,0.000,NaN
05h_A1_300623_Simple Segmentation,0,0,NaN,0.000,NaN
05h_A1_300623_Simple Segmentation,0,0,NaN,0.000,NaN
05h_A1_300623_Simple Segmentation,0,0,NaN,0.000,NaN
05h_A1_300623_Simple Segmentation,0,0,NaN,0.000,NaN
05h_A1_300623_Simple Segmentation,0,0,NaN,0.000,NaN
05h_A1_300623_Simple Segmentation,0,0,NaN,0.000,NaN
05h_A1_300623_Simple Segmentation,0,0,NaN,0.000,NaN
05h_A1_300623_Simple Segmentation,0,0,NaN,0.000,NaN
05h_A1_300623_Simple Segmentation,11,99,9.000,0.245,10.259
05h_A1_300623_Simple Segmentation,0,0,NaN,0.000,NaN
05h_A1_300623_Simple Segmentation,0,0,NaN,0.000,NaN
05h_A1_300623_Simple Segmentation,0,0,NaN,0.000,NaN
05h_A1_300623_Simple Segmentation,25,280,11.200,0.117,14.682
05h_A1_300623_Simple Segmentation,0,0,NaN,0.000,NaN
05h_A1_300623_Simple Segmentation,0,0,NaN,0.000,NaN
05h_A1_300623_Simple Segmentation,798,7682,9.627,0.552,11.536
05h_A1_300623_Simple Segmentation,0,0,NaN,0.000,NaN
05h_A1_300623_Simple Segmentation,0,0,NaN,0.000,NaN
05h_A1_300623_Simple Segmentation,0,0,NaN,0.000,NaN
05h_A1_300623_Simple Segmentation,0,0,NaN,0.000,NaN
05h_A1_300623_Simple Segmentation,0,0,NaN,0.000,NaN
05h_A1_300623_Simple Segmentation,0,0,NaN,0.000,NaN
05h_A1_300623_Simple Segmentation,0,0,NaN,0.000,NaN
05h_A1_300623_Simple Segmentation,0,0,NaN,0.000,NaN
05h_A1_300623_Simple Segmentation,53,530,10.000,0.168,12.462
05h_A1_300623_Simple Segmentation,0,0,NaN,0.000,NaN
05h_A1_300623_Simple Segmentation,0,0,NaN,0.000,NaN
05h_A1_300623_Simple Segmentation,501,4759,9.499,0.443,11.371
05h_A1_300623_Simple Segmentation,52,398,7.654,0.150,10.149
05h_A1_300623_Simple Segmentation,0,0,NaN,0.000,NaN
05h_A1_300623_Simple Segmentation,0,0,NaN,0.000,NaN
05h_A1_300623_Simple Segmentation,0,0,NaN,0.000,NaN
05h_A1_300623_Simple Segmentation,0,0,NaN,0.000,NaN
05h_A1_300623_Simple Segmentation,0,0,NaN,0.000,NaN
05h_A1_300623_Simple Segmentation,0,0,NaN,0.000,NaN
05h_A1_300623_Simple Segmentation,0,0,NaN,0.000,NaN
05h_A1_300623_Simple Segmentation,0,0,NaN,0.000,NaN
05h_A1_300623_Simple Segmentation,0,0,NaN,0.000,NaN
05h_A1_300623_Simple Segmentation,0,0,NaN,0.000,NaN
05h_A1_300623_Simple Segmentation,0,0,NaN,0.000,NaN
05h_A1_300623_Simple Segmentation,0,0,NaN,0.000,NaN
05h_A1_300623_Simple Segmentation,11,142,12.909,0.167,14.094
05h_A1_300623_Simple Segmentation,190,1967,10.353,0.334,12.400
05h_A1_300623_Simple Segmentation,0,0,NaN,0.000,NaN
05h_A1_300623_Simple Segmentation,0,0,NaN,0.000,NaN
05h_A1_300623_Simple Segmentation,0,0,NaN,0.000,NaN
05h_A1_300623_Simple Segmentation,0,0,NaN,0.000,NaN
05h_A1_300623_Simple Segmentation,0,0,NaN,0.000,NaN
05h_A1_300623_Simple Segmentation,0,0,NaN,0.000,NaN
05h_A1_300623_Simple Segmentation,0,0,NaN,0.000,NaN
05h_A1_300623_Simple Segmentation,0,0,NaN,0.000,NaN
05h_A1_300623_Simple Segmentation,0,0,NaN,0.000,NaN
05h_A1_300623_Simple Segmentation,0,0,NaN,0.000,NaN
05h_A1_300623_Simple Segmentation,0,0,NaN,0.000,NaN
05h_A1_300623_Simple Segmentation,0,0,NaN,0.000,NaN
05h_A1_300623_Simple Segmentation,0,0,NaN,0.000,NaN
05h_A1_300623_Simple Segmentation,0,0,NaN,0.000,NaN
05h_A1_300623_Simple Segmentation,0,0,NaN,0.000,NaN
05h_A1_300623_Simple Segmentation,0,0,NaN,0.000,NaN
05h_A1_300623_Simple Segmentation,12,91,7.583,0.064,11.721
05h_A1_300623_Simple Segmentation,0,0,NaN,0.000,NaN
05h_A1_300623_Simple Segmentation,0,0,NaN,0.000,NaN
05h_A1_300623_Simple Segmentation,139,1136,8.173,0.188,10.537
05h_A1_300623_Simple Segmentation,0,0,NaN,0.000,NaN
05h_A1_300623_Simple Segmentation,0,0,NaN,0.000,NaN
05h_A1_300623_Simple Segmentation,0,0,NaN,0.000,NaN
05h_A1_300623_Simple Segmentation,7,85,12.143,0.308,14.993
05h_A1_300623_Simple Segmentation,0,0,NaN,0.000,NaN
05h_A1_300623_Simple Segmentation,0,0,NaN,0.000,NaN
05h_A1_300623_Simple Segmentation,0,0,NaN,0.000,NaN
05h_A1_300623_Simple Segmentation,326,3239,9.936,0.318,11.939
05h_A1_300623_Simple Segmentation,0,0,NaN,0.000,NaN
05h_A1_300623_Simple Segmentation,12,124,10.333,0.136,12.034
05h_A1_300623_Simple Segmentation,0,0,NaN,0.000,NaN
05h_A1_300623_Simple Segmentation,0,0,NaN,0.000,NaN
05h_A1_300623_Simple Segmentation,0,0,NaN,0.000,NaN
05h_A1_300623_Simple Segmentation,0,0,NaN,0.000,NaN
05h_A1_300623_Simple Segmentation,0,0,NaN,0.000,NaN
05h_A1_300623_Simple Segmentation,0,0,NaN,0.000,NaN
05h_A1_300623_Simple Segmentation,0,0,NaN,0.000,NaN
05h_A1_300623_Simple Segmentation,0,0,NaN,0.000,NaN
05h_A1_300623_Simple Segmentation,0,0,NaN,0.000,NaN
05h_A1_300623_Simple Segmentation,0,0,NaN,0.000,NaN
05h_A1_300623_Simple Segmentation,0,0,NaN,0.000,NaN
05h_A1_300623_Simple Segmentation,0,0,NaN,0.000,NaN
05h_A1_300623_Simple Segmentation,0,0,NaN,0.000,NaN
05h_A1_300623_Simple Segmentation,0,0,NaN,0.000,NaN
05h_A1_300623_Simple Segmentation,44,322,7.318,0.129,9.912
05h_A1_300623_Simple Segmentation,0,0,NaN,0.000,NaN
05h_A1_300623_Simple Segmentation,0,0,NaN,0.000,NaN
05h_A1_300623_Simple Segmentation,44,383,8.705,0.075,11.353
05h_A1_300623_Simple Segmentation,0,0,NaN,0.000,NaN
05h_A1_300623_Simple Segmentation,101,1019,10.089,0.221,11.955
05h_A1_300623_Simple Segmentation,32,342,10.688,0.217,12.269
05h_A1_300623_Simple Segmentation,61,542,8.885,0.292,10.696
05h_A1_300623_Simple Segmentation,0,0,NaN,0.000,NaN
05h_A1_300623_Simple Segmentation,0,0,NaN,0.000,NaN
05h_A1_300623_Simple Segmentation,0,0,NaN,0.000,NaN
05h_A1_300623_Simple Segmentation,34,350,10.294,0.278,12.955
05h_A1_300623_Simple Segmentation,0,0,NaN,0.000,NaN
05h_A1_300623_Simple Segmentation,0,0,NaN,0.000,NaN
05h_A1_300623_Simple Segmentation,18,194,10.778,0.288,12.669
05h_A1_300623_Simple Segmentation,0,0,NaN,0.000,NaN
05h_A1_300623_Simple Segmentation,0,0,NaN,0.000,NaN
05h_A1_300623_Simple Segmentation,0,0,NaN,0.000,NaN
05h_A1_300623_Simple Segmentation,0,0,NaN,0.000,NaN
05h_A1_300623_Simple Segmentation,0,0,NaN,0.000,NaN
05h_A1_300623_Simple Segmentation,0,0,NaN,0.000,NaN
05h_A1_300623_Simple Segmentation,265,2761,10.419,0.408,12.317
05h_A1_300623_Simple Segmentation,0,0,NaN,0.000,NaN
05h_A1_300623_Simple Segmentation,37,349,9.432,0.162,11.843
05h_A1_300623_Simple Segmentation,0,0,NaN,0.000,NaN
05h_A1_300623_Simple Segmentation,0,0,NaN,0.000,NaN
05h_A1_300623_Simple Segmentation,0,0,NaN,0.000,NaN
05h_A1_300623_Simple Segmentation,0,0,NaN,0.000,NaN
05h_A1_300623_Simple Segmentation,349,3779,10.828,0.589,12.638
05h_A1_300623_Simple Segmentation,0,0,NaN,0.000,NaN
05h_A1_300623_Simple Segmentation,0,0,NaN,0.000,NaN
05h_A1_300623_Simple Segmentation,93,912,9.806,0.174,11.734
05h_A1_300623_Simple Segmentation,0,0,NaN,0.000,NaN
05h_A1_300623_Simple Segmentation,0,0,NaN,0.000,NaN
05h_A1_300623_Simple Segmentation,0,0,NaN,0.000,NaN
05h_A1_300623_Simple Segmentation,0,0,NaN,0.000,NaN
05h_A1_300623_Simple Segmentation,0,0,NaN,0.000,NaN
05h_A1_300623_Simple Segmentation,0,0,NaN,0.000,NaN
05h_A1_300623_Simple Segmentation,23,331,14.391,0.264,14.606
05h_A1_300623_Simple Segmentation,0,0,NaN,0.000,NaN
05h_A1_300623_Simple Segmentation,0,0,NaN,0.000,NaN
05h_A1_300623_Simple Segmentation,0,0,NaN,0.000,NaN
05h_A1_300623_Simple Segmentation,0,0,NaN,0.000,NaN
05h_A1_300623_Simple Segmentation,0,0,NaN,0.000,NaN
05h_A1_300623_Simple Segmentation,0,0,NaN,0.000,NaN
05h_A1_300623_Simple Segmentation,0,0,NaN,0.000,NaN
05h_A1_300623_Simple Segmentation,0,0,NaN,0.000,NaN
05h_A1_300623_Simple Segmentation,4,43,10.750,0.899,14.021
05h_A1_300623_Simple Segmentation,0,0,NaN,0.000,NaN
05h_A1_300623_Simple Segmentation,0,0,NaN,0.000,NaN
05h_A1_300623_Simple Segmentation,0,0,NaN,0.000,NaN
05h_A1_300623_Simple Segmentation,33,245,7.424,0.110,9.956
05h_A1_300623_Simple Segmentation,31,273,8.806,0.266,11.267
05h_A1_300623_Simple Segmentation,0,0,NaN,0.000,NaN
05h_A1_300623_Simple Segmentation,0,0,NaN,0.000,NaN
05h_A1_300623_Simple Segmentation,0,0,NaN,0.000,NaN
05h_A1_300623_Simple Segmentation,16,205,12.812,0.260,14.180
05h_A1_300623_Simple Segmentation,1,30,30.000,0.858,28.385
05h_A1_300623_Simple Segmentation,0,0,NaN,0.000,NaN
05h_A1_300623_Simple Segmentation,0,0,NaN,0.000,NaN
05h_A1_300623_Simple Segmentation,0,0,NaN,0.000,NaN
05h_A1_300623_Simple Segmentation,0,0,NaN,0.000,NaN
05h_A1_300623_Simple Segmentation,0,0,NaN,0.000,NaN
05h_A1_300623_Simple Segmentation,0,0,NaN,0.000,NaN
05h_A1_300623_Simple Segmentation,5,51,10.200,0.034,14.134
05h_A1_300623_Simple Segmentation,0,0,NaN,0.000,NaN
05h_A1_300623_Simple Segmentation,143,1121,7.839,0.281,10.454
05h_A1_300623_Simple Segmentation,0,0,NaN,0.000,NaN
05h_A1_300623_Simple Segmentation,0,0,NaN,0.000,NaN
05h_A1_300623_Simple Segmentation,19,161,8.474,0.154,10.714
05h_A1_300623_Simple Segmentation,0,0,NaN,0.000,NaN
05h_A1_300623_Simple Segmentation,0,0,NaN,0.000,NaN
05h_A1_300623_Simple Segmentation,129,1277,9.899,0.447,11.312
05h_A1_300623_Simple Segmentation,201,1800,8.955,0.321,11.035
05h_A1_300623_Simple Segmentation,0,0,NaN,0.000,NaN
05h_A1_300623_Simple Segmentation,42,357,8.500,0.103,11.500
05h_A1_300623_Simple Segmentation,83,741,8.928,0.226,10.993
05h_A1_300623_Simple Segmentation,0,0,NaN,0.000,NaN
05h_A1_300623_Simple Segmentation,0,0,NaN,0.000,NaN
05h_A1_300623_Simple Segmentation,0,0,NaN,0.000,NaN
05h_A1_300623_Simple Segmentation,0,0,NaN,0.000,NaN
05h_A1_300623_Simple Segmentation,0,0,NaN,0.000,NaN
05h_A1_300623_Simple Segmentation,11,129,11.727,0.510,13.859
05h_A1_300623_Simple Segmentation,32,360,11.250,0.127,13.311
05h_A1_300623_Simple Segmentation,0,0,NaN,0.000,NaN
05h_A1_300623_Simple Segmentation,0,0,NaN,0.000,NaN
05h_A1_300623_Simple Segmentation,0,0,NaN,0.000,NaN
05h_A1_300623_Simple Segmentation,0,0,NaN,0.000,NaN
05h_A1_300623_Simple Segmentation,16,144,9.000,1.123,10.464
05h_A1_300623_Simple Segmentation,0,0,NaN,0.000,NaN
05h_A1_300623_Simple Segmentation,7,84,12.000,0.359,15.314
05h_A1_300623_Simple Segmentation,0,0,NaN,0.000,NaN
05h_A1_300623_Simple Segmentation,0,0,NaN,0.000,NaN
05h_A1_300623_Simple Segmentation,0,0,NaN,0.000,NaN
05h_A1_300623_Simple Segmentation,1,1,1.000,0.001,2.828
05h_A1_300623_Simple Segmentation,0,0,NaN,0.000,NaN
05h_A1_300623_Simple Segmentation,0,0,NaN,0.000,NaN
05h_A1_300623_Simple Segmentation,0,0,NaN,0.000,NaN
05h_A1_300623_Simple Segmentation,0,0,NaN,0.000,NaN
05h_A1_300623_Simple Segmentation,0,0,NaN,0.000,NaN
05h_A1_300623_Simple Segmentation,0,0,NaN,0.000,NaN
05h_A1_300623_Simple Segmentation,0,0,NaN,0.000,NaN
05h_A1_300623_Simple Segmentation,9,87,9.667,0.121,11.244
05h_A1_300623_Simple Segmentation,0,0,NaN,0.000,NaN
05h_A1_300623_Simple Segmentation,28,197,7.036,0.094,9.475
05h_A1_300623_Simple Segmentation,0,0,NaN,0.000,NaN
05h_A1_300623_Simple Segmentation,0,0,NaN,0.000,NaN
05h_A1_300623_Simple Segmentation,0,0,NaN,0.000,NaN
05h_A1_300623_Simple Segmentation,0,0,NaN,0.000,NaN
05h_A1_300623_Simple Segmentation,0,0,NaN,0.000,NaN
05h_A1_300623_Simple Segmentation,0,0,NaN,0.000,NaN
05h_A1_300623_Simple Segmentation,7,84,12.000,0.140,12.555
05h_A1_300623_Simple Segmentation,0,0,NaN,0.000,NaN
05h_A1_300623_Simple Segmentation,0,0,NaN,0.000,NaN
05h_A1_300623_Simple Segmentation,0,0,NaN,0.000,NaN
05h_A1_300623_Simple Segmentation,0,0,NaN,0.000,NaN
05h_A1_300623_Simple Segmentation,0,0,NaN,0.000,NaN
05h_A1_300623_Simple Segmentation,0,0,NaN,0.000,NaN
05h_A1_300623_Simple Segmentation,0,0,NaN,0.000,NaN
05h_A1_300623_Simple Segmentation,0,0,NaN,0.000,NaN
05h_A1_300623_Simple Segmentation,0,0,NaN,0.000,NaN
05h_A1_300623_Simple Segmentation,0,0,NaN,0.000,NaN
05h_A1_300623_Simple Segmentation,0,0,NaN,0.000,NaN
05h_A1_300623_Simple Segmentation,0,0,NaN,0.000,NaN
05h_A1_300623_Simple Segmentation,0,0,NaN,0.000,NaN
05h_A1_300623_Simple Segmentation,0,0,NaN,0.000,NaN
05h_A1_300623_Simple Segmentation,0,0,NaN,0.000,NaN
05h_A1_300623_Simple Segmentation,0,0,NaN,0.000,NaN
05h_A1_300623_Simple Segmentation,0,0,NaN,0.000,NaN
05h_A1_300623_Simple Segmentation,0,0,NaN,0.000,NaN
05h_A1_300623_Simple Segmentation,0,0,NaN,0.000,NaN
05h_A1_300623_Simple Segmentation,0,0,NaN,0.000,NaN
05h_A1_300623_Simple Segmentation,0,0,NaN,0.000,NaN
05h_A1_300623_Simple Segmentation,0,0,NaN,0.000,NaN
05h_A1_300623_Simple Segmentation,0,0,NaN,0.000,NaN
05h_A1_300623_Simple Segmentation,0,0,NaN,0.000,NaN
